<?xml version="1.0" encoding="UTF-8"?>
<project-private xmlns="http://www.netbeans.org/ns/project-private/1">
    <editor-bookmarks xmlns="http://www.netbeans.org/ns/editor-bookmarks/2" lastBookmarkId="0"/>
    <open-files xmlns="http://www.netbeans.org/ns/projectui-open-files/2">
        <group>
            <file>file:/C:/Users/pavit/OneDrive/Desktop/Car_Black_Box/timers.h</file>
            <file>file:/C:/Users/pavit/OneDrive/Desktop/Car_Black_Box/main.c</file>
            <file>file:/C:/Users/pavit/OneDrive/Desktop/Car_Black_Box/ds1307.h</file>
            <file>file:/C:/Users/pavit/OneDrive/Desktop/Car_Black_Box/i2c.c</file>
            <file>file:/C:/Users/pavit/OneDrive/Desktop/Car_Black_Box/clcd.c</file>
            <file>file:/C:/Users/pavit/OneDrive/Desktop/Car_Black_Box/timers.c</file>
            <file>file:/C:/Users/pavit/OneDrive/Desktop/Car_Black_Box/uart.c</file>
            <file>file:/C:/Users/pavit/OneDrive/Desktop/Car_Black_Box/digital_keypad.c</file>
            <file>file:/C:/Users/pavit/OneDrive/Desktop/Car_Black_Box/EEprom.h</file>
            <file>file:/C:/Users/pavit/OneDrive/Desktop/Car_Black_Box/i2c.h</file>
            <file>file:/C:/Users/pavit/OneDrive/Desktop/Car_Black_Box/clcd.h</file>
            <file>file:/C:/Users/pavit/OneDrive/Desktop/Car_Black_Box/car_black_box_def.c</file>
            <file>file:/C:/Users/pavit/OneDrive/Desktop/Car_Black_Box/digital_keypad.h</file>
            <file>file:/C:/Users/pavit/OneDrive/Desktop/Car_Black_Box/adc.h</file>
            <file>file:/C:/Users/pavit/OneDrive/Desktop/Car_Black_Box/adc.c</file>
            <file>file:/C:/Users/pavit/OneDrive/Desktop/Car_Black_Box/ds1307.c</file>
            <file>file:/C:/Users/pavit/OneDrive/Desktop/Car_Black_Box/isr.c</file>
            <file>file:/C:/Users/pavit/OneDrive/Desktop/Car_Black_Box/car_black_box.h</file>
            <file>file:/C:/Users/pavit/OneDrive/Desktop/Car_Black_Box/main.h</file>
            <file>file:/C:/Users/pavit/OneDrive/Desktop/Car_Black_Box/uart.h</file>
            <file>file:/C:/Users/pavit/OneDrive/Desktop/Car_Black_Box/EEprom.c</file>
        </group>
    </open-files>
</project-private>
